{
  "position": {
    "x": -463.75060106282444,
    "y": -1063.0384410182905
  }
}