{
  "position": {
    "x": 8.249398937175556,
    "y": -1063.0384410182905
  }
}